Nedzhmi ALI,BG,Bulgarie,ALDE,pro
Jean ARTHUIS,FR,France,ALDE,pro
Izaskun BILBAO BARANDICA,ES,Espagne,ALDE,pro
Enrique CALVET CHAMBON,ES,Espagne,ALDE,pro
Jean-Marie CAVADA,FR,France,ALDE,pro
Thierry CORNILLET,FR,France,ALDE,pro
Gérard DEPREZ,BE,Belgique,ALDE,pro
Mircea DIACONU,RO,Roumanie,ALDE,pro
María Teresa GIMÉNEZ BARBAT,ES,Espagne,ALDE,pro
Iveta GRIGULE-PĒTERSE,LV,Lettonie,ALDE,pro
Marian HARKIN,IE,Irlande,ALDE,pro
Filiz HYUSMENOVA,BG,Bulgarie,ALDE,pro
Anneli JÄÄTTEENMÄKI,FI,Finlande,ALDE,pro
Ivan JAKOVČIĆ,HR,Croatie,ALDE,pro
Elsi KATAINEN,FI,Finlande,ALDE,pro
Patricia LALONDE,FR,France,ALDE,pro
Morten LØKKEGAARD,DK,Danemark,ALDE,pro
António MARINHO E PINTO,PT,Portugal,ALDE,pro
Valentinas MAZURONIS,LT,Lituanie,ALDE,pro
Louis MICHEL,BE,Belgique,ALDE,pro
Iskra MIHAYLOVA,BG,Bulgarie,ALDE,pro
Javier NART,ES,Espagne,ALDE,pro
Maite PAGAZAURTUNDÚA RUIZ,ES,Espagne,ALDE,pro
Morten Helveg PETERSEN,DK,Danemark,ALDE,pro
Carolina PUNSET,ES,Espagne,ALDE,pro
Frédérique RIES,BE,Belgique,ALDE,pro
Dominique RIQUET,FR,France,ALDE,pro
Robert ROCHEFORT,FR,France,ALDE,pro
Jens ROHDE,DK,Danemark,ALDE,pro
Ramon TREMOSA i BALCELLS,ES,Espagne,ALDE,pro
Viktor USPASKICH,LT,Lituanie,ALDE,pro
Ivo VAJGL,SI,Slovénie,ALDE,pro
Hilde VAUTMANS,BE,Belgique,ALDE,pro
Mirja VEHKAPERÄ,FI,Finlande,ALDE,pro
Guy VERHOFSTADT,BE,Belgique,ALDE,pro
Lieve WIERINCK,BE,Belgique,ALDE,pro
Amjad BASHIR,GB,Royaume-Uni,ECR,pro
David CAMPBELL BANNERMAN,GB,Royaume-Uni,ECR,pro
Nirj DEVA,GB,Royaume-Uni,ECR,pro
Raffaele FITTO,IT,Italie,ECR,pro
Jacqueline FOSTER,GB,Royaume-Uni,ECR,pro
Ashley FOX,GB,Royaume-Uni,ECR,pro
Hans-Olaf HENKEL,DE,Allemagne,ECR,pro
Sajjad KARIM,GB,Royaume-Uni,ECR,pro
Bernd KÖLMEL,DE,Allemagne,ECR,pro
Innocenzo LEONTINI,IT,Italie,ECR,pro
Emma McCLARKIN,GB,Royaume-Uni,ECR,pro
Anthea McINTYRE,GB,Royaume-Uni,ECR,pro
Rupert MATTHEWS,GB,Royaume-Uni,ECR,pro
Stefano MAULLU,IT,Italie,ECR,pro
Morten MESSERSCHMIDT,DK,Danemark,ECR,pro
Baroness Nosheena MOBARIK,GB,Royaume-Uni,ECR,pro
James NICHOLSON,GB,Royaume-Uni,ECR,pro
Remo SERNAGIOTTO,IT,Italie,ECR,pro
Kay SWINBURNE,GB,Royaume-Uni,ECR,pro
Charles TANNOCK,GB,Royaume-Uni,ECR,pro
Geoffrey VAN ORDEN,GB,Royaume-Uni,ECR,pro
Anders Primdahl VISTISEN,DK,Danemark,ECR,pro
Roberts ZĪLE,LV,Lettonie,ECR,pro
Joëlle BERGERON,FR,France,EFDD,pro
Aymeric CHAUPRADE,FR,France,EFDD,pro
Mireille D'ORNANO,FR,France,EFDD,pro
Sylvie GODDYN,FR,France,EFDD,pro
Bernard MONOT,FR,France,EFDD,pro
Rolandas PAKSAS,LT,Lituanie,EFDD,pro
Marie-Christine ARNAUTU,FR,France,ENF,pro
Nicolas BAY,FR,France,ENF,pro
Dominique BILDE,FR,France,ENF,pro
Marie-Christine BOUTONNET,FR,France,ENF,pro
Steeve BRIOIS,FR,France,ENF,pro
Jacques COLOMBIER,FR,France,ENF,pro
Jean-François JALKH,FR,France,ENF,pro
France JAMET,FR,France,ENF,pro
Gilles LEBRETON,FR,France,ENF,pro
Christelle LECHEVALIER,FR,France,ENF,pro
Philippe LOISEAU,FR,France,ENF,pro
Dominique MARTIN,FR,France,ENF,pro
Joëlle MÉLIN,FR,France,ENF,pro
Jean-Luc SCHAFFHAUSER,FR,France,ENF,pro
Mylène TROSZCZYNSKI,FR,France,ENF,pro
Kostas CHRYSOGONOS,GR,Grèce,GUE/NGL,pro
Merja KYLLÖNEN,FI,Finlande,GUE/NGL,pro
Patrick LE HYARIC,FR,France,GUE/NGL,pro
Emmanuel MAUREL,FR,France,GUE/NGL,pro
Marie-Pierre VIEU,FR,France,GUE/NGL,pro
Georgios EPITIDEIOS,GR,Grèce,NI,pro
Lampros FOUNTOULIS,GR,Grèce,NI,pro
Bruno GOLLNISCH,FR,France,NI,pro
Rikke-Louise KARLSSON,DK,Danemark,NI,pro
Sophie MONTEL,FR,France,NI,pro
Eleftherios SYNADINOS,GR,Grèce,NI,pro
Kazimierz Michał UJAZDOWSKI,PL,Pologne,NI,pro
Asim ADEMOV,BG,Bulgarie,PPE,pro
Michèle ALLIOT-MARIE,FR,France,PPE,pro
Laima Liucija ANDRIKIENĖ,LT,Lituanie,PPE,pro
Richard ASHWORTH,GB,Royaume-Uni,PPE,pro
Pilar AYUSO,ES,Espagne,PPE,pro
Heinz K. BECKER,AT,Autriche,PPE,pro
Ivo BELET,BE,Belgique,PPE,pro
Bendt BENDTSEN,DK,Danemark,PPE,pro
Andrea BOCSKOR,HU,Hongrie,PPE,pro
Reimer BÖGE,DE,Allemagne,PPE,pro
Franc BOGOVIČ,SI,Slovénie,PPE,pro
Elmar BROK,DE,Allemagne,PPE,pro
Alain CADEC,FR,France,PPE,pro
Wim van de CAMP,NL,Pays-Bas,PPE,pro
Daniel CASPARY,DE,Allemagne,PPE,pro
Pilar del CASTILLO VERA,ES,Espagne,PPE,pro
Lorenzo CESA,IT,Italie,PPE,pro
Salvatore CICU,IT,Italie,PPE,pro
Alberto CIRIO,IT,Italie,PPE,pro
Carlos COELHO,PT,Portugal,PPE,pro
Birgit COLLIN-LANGEN,DE,Allemagne,PPE,pro
Lara COMI,IT,Italie,PPE,pro
Pál CSÁKY,SK,Slovaquie,PPE,pro
Arnaud DANJEAN,FR,France,PPE,pro
Michel DANTIN,FR,France,PPE,pro
Rachida DATI,FR,France,PPE,pro
Angélique DELAHAYE,FR,France,PPE,pro
Andor DELI,HU,Hongrie,PPE,pro
Albert DESS,DE,Allemagne,PPE,pro
Tamás DEUTSCH,HU,Hongrie,PPE,pro
Agustín DÍAZ DE MERA GARCÍA CONSUEGRA,ES,Espagne,PPE,pro
Geoffroy DIDIER,FR,France,PPE,pro
Herbert DORFMANN,IT,Italie,PPE,pro
Christian EHLER,DE,Allemagne,PPE,pro
Norbert ERDŐS,HU,Hongrie,PPE,pro
Rosa ESTARÀS FERRAGUT,ES,Espagne,PPE,pro
José Inácio FARIA,PT,Portugal,PPE,pro
Markus FERBER,DE,Allemagne,PPE,pro
José Manuel FERNANDES,PT,Portugal,PPE,pro
Santiago FISAS AYXELÀ,ES,Espagne,PPE,pro
Karl-Heinz FLORENZ,DE,Allemagne,PPE,pro
Michael GAHLER,DE,Allemagne,PPE,pro
Kinga GÁL,HU,Hongrie,PPE,pro
Francesc GAMBÚS,ES,Espagne,PPE,pro
Elisabetta GARDINI,IT,Italie,PPE,pro
Stefan GEHROLD,DE,Allemagne,PPE,pro
Jens GIESEKE,DE,Allemagne,PPE,pro
Julie GIRLING,GB,Royaume-Uni,PPE,pro
Esteban GONZÁLEZ PONS,ES,Espagne,PPE,pro
Luis de GRANDES PASCUAL,ES,Espagne,PPE,pro
Ingeborg GRÄSSLE,DE,Allemagne,PPE,pro
Françoise GROSSETÊTE,FR,France,PPE,pro
Antanas GUOGA,LT,Lituanie,PPE,pro
Brian HAYES,IE,Irlande,PPE,pro
Esther HERRANZ GARCÍA,ES,Espagne,PPE,pro
Monika HOHLMEIER,DE,Allemagne,PPE,pro
György HÖLVÉNYI,HU,Hongrie,PPE,pro
Brice HORTEFEUX,FR,France,PPE,pro
Danuta Maria HÜBNER,PL,Pologne,PPE,pro
Carlos ITURGAIZ,ES,Espagne,PPE,pro
Peter JAHR,DE,Allemagne,PPE,pro
Teresa JIMÉNEZ-BECERRIL BARRIO,ES,Espagne,PPE,pro
Marc JOULAUD,FR,France,PPE,pro
Philippe JUVIN,FR,France,PPE,pro
Sandra KALNIETE,LV,Lettonie,PPE,pro
Othmar KARAS,AT,Autriche,PPE,pro
Tunne KELAM,EE,Estonie,PPE,pro
Seán KELLY,IE,Irlande,PPE,pro
Dieter-Lebrecht KOCH,DE,Allemagne,PPE,pro
Ádám KÓSA,HU,Hongrie,PPE,pro
Agnieszka KOZŁOWSKA-RAJEWICZ,PL,Pologne,PPE,pro
Barbara KUDRYCKA,PL,Pologne,PPE,pro
Werner KUHN,DE,Allemagne,PPE,pro
Eduard KUKAN,SK,Slovaquie,PPE,pro
Alain LAMASSOURE,FR,France,PPE,pro
Esther de LANGE,NL,Pays-Bas,PPE,pro
Werner LANGEN,DE,Allemagne,PPE,pro
Giovanni LA VIA,IT,Italie,PPE,pro
Jérôme LAVRILLEUX,FR,France,PPE,pro
Jeroen LENAERS,NL,Pays-Bas,PPE,pro
Peter LIESE,DE,Allemagne,PPE,pro
Norbert LINS,DE,Allemagne,PPE,pro
Antonio LÓPEZ-ISTÚRIZ WHITE,ES,Espagne,PPE,pro
David McALLISTER,DE,Allemagne,PPE,pro
Mairead McGUINNESS,IE,Irlande,PPE,pro
Ivana MALETIĆ,HR,Croatie,PPE,pro
Svetoslav Hristov MALINOV,BG,Bulgarie,PPE,pro
Lukas MANDL,AT,Autriche,PPE,pro
Ramona Nicole MĂNESCU,RO,Roumanie,PPE,pro
Thomas MANN,DE,Allemagne,PPE,pro
Fulvio MARTUSCIELLO,IT,Italie,PPE,pro
Barbara MATERA,IT,Italie,PPE,pro
Gabriel MATO,ES,Espagne,PPE,pro
Nuno MELO,PT,Portugal,PPE,pro
Miroslav MIKOLÁŠIK,SK,Slovaquie,PPE,pro
Francisco José MILLÁN MON,ES,Espagne,PPE,pro
Sorin MOISĂ,RO,Roumanie,PPE,pro
Cláudia MONTEIRO DE AGUIAR,PT,Portugal,PPE,pro
Nadine MORANO,FR,France,PPE,pro
Elisabeth MORIN-CHARTIER,FR,France,PPE,pro
Renaud MUSELIER,FR,France,PPE,pro
Alessandra MUSSOLINI,IT,Italie,PPE,pro
József NAGY,SK,Slovaquie,PPE,pro
Angelika NIEBLER,DE,Allemagne,PPE,pro
Lambert van NISTELROOIJ,NL,Pays-Bas,PPE,pro
Alojz PETERLE,SI,Slovénie,PPE,pro
Marijana PETIR,HR,Croatie,PPE,pro
Markus PIEPER,DE,Allemagne,PPE,pro
Julia PITERA,PL,Pologne,PPE,pro
Marek PLURA,PL,Pologne,PPE,pro
Cristian Dan PREDA,RO,Roumanie,PPE,pro
Franck PROUST,FR,France,PPE,pro
Godelieve QUISTHOUDT-ROWOHL,DE,Allemagne,PPE,pro
Emil RADEV,BG,Bulgarie,PPE,pro
Dennis RADTKE,DE,Allemagne,PPE,pro
Paulo RANGEL,PT,Portugal,PPE,pro
Sofia RIBEIRO,PT,Portugal,PPE,pro
Claude ROLIN,BE,Belgique,PPE,pro
Fernando RUAS,PT,Portugal,PPE,pro
Paul RÜBIG,AT,Autriche,PPE,pro
Kārlis ŠADURSKIS,LV,Lettonie,PPE,pro
Tokia SAÏFI,FR,France,PPE,pro
José Ignacio SALAFRANCA SÁNCHEZ-NEYRA,ES,Espagne,PPE,pro
Massimiliano SALINI,IT,Italie,PPE,pro
Anne SANDER,FR,France,PPE,pro
Petri SARVAMAA,FI,Finlande,PPE,pro
Algirdas SAUDARGAS,LT,Lituanie,PPE,pro
Claudia SCHMIDT,AT,Autriche,PPE,pro
Annie SCHREIJER-PIERIK,NL,Pays-Bas,PPE,pro
Sven SCHULZE,DE,Allemagne,PPE,pro
Andreas SCHWAB,DE,Allemagne,PPE,pro
Csaba SÓGOR,RO,Roumanie,PPE,pro
Michaela ŠOJDROVÁ,CZ,Tchéquie,PPE,pro
Renate SOMMER,DE,Allemagne,PPE,pro
Maria SPYRAKI,GR,Grèce,PPE,pro
Ivan ŠTEFANEC,SK,Slovaquie,PPE,pro
Dubravka ŠUICA,HR,Croatie,PPE,pro
Pavel SVOBODA,CZ,Tchéquie,PPE,pro
József SZÁJER,HU,Hongrie,PPE,pro
László TŐKÉS,HU,Hongrie,PPE,pro
Inese VAIDERE,LV,Lettonie,PPE,pro
Ramón Luis VALCÁRCEL SISO,ES,Espagne,PPE,pro
Tom VANDENKENDELAERE,BE,Belgique,PPE,pro
Sabine VERHEYEN,DE,Allemagne,PPE,pro
Henna VIRKKUNEN,FI,Finlande,PPE,pro
Axel VOSS,DE,Allemagne,PPE,pro
Manfred WEBER,DE,Allemagne,PPE,pro
Rainer WIELAND,DE,Allemagne,PPE,pro
Francis ZAMMIT DIMECH,MT,Malte,PPE,pro
Bogdan Andrzej ZDROJEWSKI,PL,Pologne,PPE,pro
Joachim ZELLER,DE,Allemagne,PPE,pro
Željana ZOVKO,HR,Croatie,PPE,pro
Tadeusz ZWIEFKA,PL,Pologne,PPE,pro
Clara Eugenia AGUILERA GARCÍA,ES,Espagne,S&D,pro
Lucy ANDERSON,GB,Royaume-Uni,S&D,pro
Eric ANDRIEU,FR,France,S&D,pro
Maria ARENA,BE,Belgique,S&D,pro
Francisco ASSIS,PT,Portugal,S&D,pro
Inés AYALA SENDER,ES,Espagne,S&D,pro
Guillaume BALAS,FR,France,S&D,pro
Hugues BAYET,BE,Belgique,S&D,pro
Pervenche BERÈS,FR,France,S&D,pro
Goffredo Maria BETTINI,IT,Italie,S&D,pro
José BLANCO LÓPEZ,ES,Espagne,S&D,pro
Vilija BLINKEVIČIŪTĖ,LT,Lituanie,S&D,pro
Simona BONAFÈ,IT,Italie,S&D,pro
Biljana BORZAN,HR,Croatie,S&D,pro
Victor BOŞTINARU,RO,Roumanie,S&D,pro
Paul BRANNEN,GB,Royaume-Uni,S&D,pro
Mercedes BRESSO,IT,Italie,S&D,pro
Soledad CABEZÓN RUIZ,ES,Espagne,S&D,pro
Nicola CAPUTO,IT,Italie,S&D,pro
Caterina CHINNICI,IT,Italie,S&D,pro
Ole CHRISTENSEN,DK,Danemark,S&D,pro
Silvia COSTA,IT,Italie,S&D,pro
Andrea COZZOLINO,IT,Italie,S&D,pro
Miriam DALLI,MT,Malte,S&D,pro
Seb DANCE,GB,Royaume-Uni,S&D,pro
Nicola DANTI,IT,Italie,S&D,pro
Paolo DE CASTRO,IT,Italie,S&D,pro
Isabella DE MONTE,IT,Italie,S&D,pro
Damian DRĂGHICI,RO,Roumanie,S&D,pro
Jonás FERNÁNDEZ,ES,Espagne,S&D,pro
Giuseppe FERRANDINO,IT,Italie,S&D,pro
Iratxe GARCÍA PÉREZ,ES,Espagne,S&D,pro
Eider GARDIAZABAL RUBIAL,ES,Espagne,S&D,pro
Enrico GASBARRA,IT,Italie,S&D,pro
Elena GENTILE,IT,Italie,S&D,pro
Neena GILL,GB,Royaume-Uni,S&D,pro
Michela GIUFFRIDA,IT,Italie,S&D,pro
Karine GLOANEC MAURIN,FR,France,S&D,pro
Giorgos GRAMMATIKAKIS,GR,Grèce,S&D,pro
Maria GRAPINI,RO,Roumanie,S&D,pro
Theresa GRIFFIN,GB,Royaume-Uni,S&D,pro
Roberto GUALTIERI,IT,Italie,S&D,pro
Enrique GUERRERO SALOM,ES,Espagne,S&D,pro
Sylvie GUILLAUME,FR,France,S&D,pro
Jytte GUTELAND,SE,Suède,S&D,pro
Mary HONEYBALL,GB,Royaume-Uni,S&D,pro
John HOWARTH,GB,Royaume-Uni,S&D,pro
Liisa JAAKONSAARI,FI,Finlande,S&D,pro
Ramón JÁUREGUI ATONDO,ES,Espagne,S&D,pro
Jude KIRTON-DARLING,GB,Royaume-Uni,S&D,pro
Jeppe KOFOD,DK,Danemark,S&D,pro
Peter KOUROUMBASHEV,BG,Bulgarie,S&D,pro
Miapetra KUMPULA-NATRI,FI,Finlande,S&D,pro
Cécile Kashetu KYENGE,IT,Italie,S&D,pro
Miltiadis KYRKOS,GR,Grèce,S&D,pro
Juan Fernando LÓPEZ AGUILAR,ES,Espagne,S&D,pro
Olle LUDVIGSSON,SE,Suède,S&D,pro
Linda McAVAN,GB,Royaume-Uni,S&D,pro
Vladimír MAŇKA,SK,Slovaquie,S&D,pro
Louis-Joseph MANSCOUR,FR,France,S&D,pro
David MARTIN,GB,Royaume-Uni,S&D,pro
Edouard MARTIN,FR,France,S&D,pro
Marlene MIZZI,MT,Malte,S&D,pro
Csaba MOLNÁR,HU,Hongrie,S&D,pro
Clare MOODY,GB,Royaume-Uni,S&D,pro
Claude MORAES,GB,Royaume-Uni,S&D,pro
Luigi MORGANO,IT,Italie,S&D,pro
Pier Antonio PANZERI,IT,Italie,S&D,pro
Massimo PAOLUCCI,IT,Italie,S&D,pro
Vincent PEILLON,FR,France,S&D,pro
Pina PICIERNO,IT,Italie,S&D,pro
Georgi PIRINSKI,BG,Bulgarie,S&D,pro
Răzvan POPA,RO,Roumanie,S&D,pro
Gabriele PREUSS,DE,Allemagne,S&D,pro
Christine REVAULT D'ALLONNES BONNEFOY,FR,France,S&D,pro
Liliana RODRIGUES,PT,Portugal,S&D,pro
Inmaculada RODRÍGUEZ-PIÑERO FERNÁNDEZ,ES,Espagne,S&D,pro
Virginie ROZIÈRE,FR,France,S&D,pro
Alfred SANT,MT,Malte,S&D,pro
Manuel dos SANTOS,PT,Portugal,S&D,pro
Daciana Octavia SÂRBU,RO,Roumanie,S&D,pro
David-Maria SASSOLI,IT,Italie,S&D,pro
Christel SCHALDEMOSE,DK,Danemark,S&D,pro
Ricardo SERRÃO SANTOS,PT,Portugal,S&D,pro
Pedro SILVA PEREIRA,PT,Portugal,S&D,pro
Siôn SIMON,GB,Royaume-Uni,S&D,pro
Monika SMOLKOVÁ,SK,Slovaquie,S&D,pro
Sergei STANISHEV,BG,Bulgarie,S&D,pro
Marc TARABELLA,BE,Belgique,S&D,pro
Isabelle THOMAS,FR,France,S&D,pro
Patrizia TOIA,IT,Italie,S&D,pro
Marita ULVSKOG,SE,Suède,S&D,pro
Kathleen VAN BREMPT,BE,Belgique,S&D,pro
Derek VAUGHAN,GB,Royaume-Uni,S&D,pro
Julie WARD,GB,Royaume-Uni,S&D,pro
Boris ZALA,SK,Slovaquie,S&D,pro
Flavio ZANONATO,IT,Italie,S&D,pro
Damiano ZOFFOLI,IT,Italie,S&D,pro
Carlos ZORRINHO,PT,Portugal,S&D,pro
José BOVÉ,FR,France,Verts/ALE,pro
Maria HEUBUCH,DE,Allemagne,Verts/ALE,pro
Bart STAES,BE,Belgique,Verts/ALE,pro
Helga TRÜPEL,DE,Allemagne,Verts/ALE,pro
Johannes Cornelis van BAALEN,NL,Pays-Bas,ALDE,anti
Catherine BEARDER,GB,Royaume-Uni,ALDE,anti
Beatriz BECERRA BASTERRECHEA,ES,Espagne,ALDE,anti
Fredrick FEDERLEY,SE,Suède,ALDE,anti
Gerben-Jan GERBRANDY,NL,Pays-Bas,ALDE,anti
Charles GOERENS,LU,Luxembourg,ALDE,anti
Igor GRÄZIN,EE,Estonie,ALDE,anti
Nadja HIRSCH,DE,Allemagne,ALDE,anti
Jan HUITEMA,NL,Pays-Bas,ALDE,anti
Sophia in 't VELD,NL,Pays-Bas,ALDE,anti
Petr JEŽEK,CZ,Tchéquie,ALDE,anti
Ilhan KYUCHYUK,BG,Bulgarie,ALDE,anti
Gesine MEISSNER,DE,Allemagne,ALDE,anti
Matthijs van MILTENBURG,NL,Pays-Bas,ALDE,anti
Angelika MLINAR,AT,Autriche,ALDE,anti
Ulrike MÜLLER,DE,Allemagne,ALDE,anti
Caroline NAGTEGAAL,NL,Pays-Bas,ALDE,anti
Jozo RADOŠ,HR,Croatie,ALDE,anti
Marietje SCHAAKE,NL,Pays-Bas,ALDE,anti
Jasenko SELIMOVIC,SE,Suède,ALDE,anti
Pavel TELIČKA,CZ,Tchéquie,ALDE,anti
Yana TOOM,EE,Estonie,ALDE,anti
Nils TORVALDS,FI,Finlande,ALDE,anti
Renate WEBER,RO,Roumanie,ALDE,anti
Cecilia WIKSTRÖM,SE,Suède,ALDE,anti
Bas BELDER,NL,Pays-Bas,ECR,anti
Ryszard CZARNECKI,PL,Pologne,ECR,anti
Edward CZESAK,PL,Pologne,ECR,anti
Peter van DALEN,NL,Pays-Bas,ECR,anti
Daniel DALTON,GB,Royaume-Uni,ECR,anti
Mark DEMESMAEKER,BE,Belgique,ECR,anti
Angel DZHAMBAZKI,BG,Bulgarie,ECR,anti
John FLACK,GB,Royaume-Uni,ECR,anti
Anna Elżbieta FOTYGA,PL,Pologne,ECR,anti
Beata GOSIEWSKA,PL,Pologne,ECR,anti
Jussi HALLA-AHO,FI,Finlande,ECR,anti
Daniel HANNAN,GB,Royaume-Uni,ECR,anti
Czesław HOC,PL,Pologne,ECR,anti
Marek JUREK,PL,Pologne,ECR,anti
Syed KAMALL,GB,Royaume-Uni,ECR,anti
Karol KARSKI,PL,Pologne,ECR,anti
Sławomir KŁOSOWSKI,PL,Pologne,ECR,anti
Zdzisław KRASNODĘBSKI,PL,Pologne,ECR,anti
Urszula KRUPA,PL,Pologne,ECR,anti
Zbigniew KUŹMIUK,PL,Pologne,ECR,anti
Ryszard Antoni LEGUTKO,PL,Pologne,ECR,anti
Bernd LUCKE,DE,Allemagne,ECR,anti
Peter LUNDGREN,SE,Suède,ECR,anti
Monica MACOVEI,RO,Roumanie,ECR,anti
Stanisław OŻÓG,PL,Pologne,ECR,anti
Ralph PACKET,BE,Belgique,ECR,anti
Bolesław G. PIECHA,PL,Pologne,ECR,anti
Mirosław PIOTROWSKI,PL,Pologne,ECR,anti
Tomasz Piotr PORĘBA,PL,Pologne,ECR,anti
Pirkko RUOHONEN-LERNER,FI,Finlande,ECR,anti
Branislav ŠKRIPEK,SK,Slovaquie,ECR,anti
Joachim STARBATTY,DE,Allemagne,ECR,anti
Helga STEVENS,BE,Belgique,ECR,anti
Richard SULÍK,SK,Slovaquie,ECR,anti
Evžen TOŠENOVSKÝ,CZ,Tchéquie,ECR,anti
Ulrike TREBESIUS,DE,Allemagne,ECR,anti
Anneleen VAN BOSSUYT,BE,Belgique,ECR,anti
Kristina WINBERG,SE,Suède,ECR,anti
Jadwiga WIŚNIEWSKA,PL,Pologne,ECR,anti
Jan ZAHRADIL,CZ,Tchéquie,ECR,anti
Jana ŽITŇANSKÁ,SK,Slovaquie,ECR,anti
Kosma ZŁOTOWSKI,PL,Pologne,ECR,anti
Isabella ADINOLFI,IT,Italie,EFDD,anti
Laura AGEA,IT,Italie,EFDD,anti
Daniela AIUTO,IT,Italie,EFDD,anti
Tim AKER,GB,Royaume-Uni,EFDD,anti
Jonathan ARNOTT,GB,Royaume-Uni,EFDD,anti
Tiziana BEGHIN,IT,Italie,EFDD,anti
Jonathan BULLOCK,GB,Royaume-Uni,EFDD,anti
James CARVER,GB,Royaume-Uni,EFDD,anti
Fabio Massimo CASTALDO,IT,Italie,EFDD,anti
David COBURN,GB,Royaume-Uni,EFDD,anti
Ignazio CORRAO,IT,Italie,EFDD,anti
Rosa D'AMATO,IT,Italie,EFDD,anti
William (The Earl of) DARTMOUTH,GB,Royaume-Uni,EFDD,anti
Bill ETHERIDGE,GB,Royaume-Uni,EFDD,anti
Eleonora EVI,IT,Italie,EFDD,anti
Nigel FARAGE,GB,Royaume-Uni,EFDD,anti
Laura FERRARA,IT,Italie,EFDD,anti
Nathan GILL,GB,Royaume-Uni,EFDD,anti
Robert Jarosław IWASZKIEWICZ,PL,Pologne,EFDD,anti
Jörg MEUTHEN,DE,Allemagne,EFDD,anti
Patrick O'FLYNN,GB,Royaume-Uni,EFDD,anti
Jiří PAYNE,CZ,Tchéquie,EFDD,anti
Piernicola PEDICINI,IT,Italie,EFDD,anti
Julia REID,GB,Royaume-Uni,EFDD,anti
Jill SEYMOUR,GB,Royaume-Uni,EFDD,anti
Dario TAMBURRANO,IT,Italie,EFDD,anti
Marco VALLI,IT,Italie,EFDD,anti
Marco ZULLO,IT,Italie,EFDD,anti
John Stuart AGNEW,GB,Royaume-Uni,ENF,anti
Gerolf ANNEMANS,BE,Belgique,ENF,anti
Gerard BATTEN,GB,Royaume-Uni,ENF,anti
Mara BIZZOTTO,IT,Italie,ENF,anti
Mario BORGHEZIO,IT,Italie,ENF,anti
Angelo CIOCCA,IT,Italie,ENF,anti
André ELISSEN,NL,Pays-Bas,ENF,anti
Michał MARUSIK,PL,Pologne,ENF,anti
Marcus PRETZELL,DE,Allemagne,ENF,anti
Giancarlo SCOTTÀ,IT,Italie,ENF,anti
Olaf STUGER,NL,Pays-Bas,ENF,anti
Marco ZANNI,IT,Italie,ENF,anti
Auke ZIJLSTRA,NL,Pays-Bas,ENF,anti
Stanisław ŻÓŁTEK,PL,Pologne,ENF,anti
Marina ALBIOL GUZMÁN,ES,Espagne,GUE/NGL,anti
Martina ANDERSON,GB,Royaume-Uni,GUE/NGL,anti
Xabier BENITO ZILUAGA,ES,Espagne,GUE/NGL,anti
Malin BJÖRK,SE,Suède,GUE/NGL,anti
Lynn BOYLAN,IE,Irlande,GUE/NGL,anti
Matt CARTHY,IE,Irlande,GUE/NGL,anti
Nikolaos CHOUNTIS,GR,Grèce,GUE/NGL,anti
Javier COUSO PERMUY,ES,Espagne,GUE/NGL,anti
Stefan ECK,DE,Allemagne,GUE/NGL,anti
Cornelia ERNST,DE,Allemagne,GUE/NGL,anti
João FERREIRA,PT,Portugal,GUE/NGL,anti
Luke Ming FLANAGAN,IE,Irlande,GUE/NGL,anti
Eleonora FORENZA,IT,Italie,GUE/NGL,anti
Tania GONZÁLEZ PEÑAS,ES,Espagne,GUE/NGL,anti
Takis HADJIGEORGIOU,CY,Chypre,GUE/NGL,anti
Thomas HÄNDEL,DE,Allemagne,GUE/NGL,anti
Anja HAZEKAMP,NL,Pays-Bas,GUE/NGL,anti
Rina Ronja KARI,DK,Danemark,GUE/NGL,anti
Jaromír KOHLÍČEK,CZ,Tchéquie,GUE/NGL,anti
Kateřina KONEČNÁ,CZ,Tchéquie,GUE/NGL,anti
Sabine LÖSING,DE,Allemagne,GUE/NGL,anti
Jiří MAŠTÁLKA,CZ,Tchéquie,GUE/NGL,anti
Marisa MATIAS,PT,Portugal,GUE/NGL,anti
Martina MICHELS,DE,Allemagne,GUE/NGL,anti
Younous OMARJEE,FR,France,GUE/NGL,anti
João PIMENTA LOPES,PT,Portugal,GUE/NGL,anti
Sofia SAKORAFA,GR,Grèce,GUE/NGL,anti
Lola SÁNCHEZ CALDENTEY,ES,Espagne,GUE/NGL,anti
Martin SCHIRDEWAN,DE,Allemagne,GUE/NGL,anti
Helmut SCHOLZ,DE,Allemagne,GUE/NGL,anti
Maria Lidia SENRA RODRÍGUEZ,ES,Espagne,GUE/NGL,anti
Barbara SPINELLI,IT,Italie,GUE/NGL,anti
Miguel URBÁN CRESPO,ES,Espagne,GUE/NGL,anti
Marie-Christine VERGIAT,FR,France,GUE/NGL,anti
Miguel VIEGAS,PT,Portugal,GUE/NGL,anti
Gabriele ZIMMER,DE,Allemagne,GUE/NGL,anti
Zoltán BALCZÓ,HU,Hongrie,NI,anti
David BORRELLI,IT,Italie,NI,anti
Diane DODDS,GB,Royaume-Uni,NI,anti
Mike HOOKEM,GB,Royaume-Uni,NI,anti
Jacek SARYUSZ-WOLSKI,PL,Pologne,NI,anti
Martin SONNEBORN,DE,Allemagne,NI,anti
Dobromir SOŚNIERZ,PL,Pologne,NI,anti
Steven WOOLFE,GB,Royaume-Uni,NI,anti
Pascal ARIMONT,BE,Belgique,PPE,anti
Georges BACH,LU,Luxembourg,PPE,anti
Michał BONI,PL,Pologne,PPE,anti
David CASA,MT,Malte,PPE,anti
Frank ENGEL,LU,Luxembourg,PPE,anti
Christofer FJELLNER,SE,Suède,PPE,anti
Andrzej GRZYB,PL,Pologne,PPE,anti
Christophe HANSEN,LU,Luxembourg,PPE,anti
Krzysztof HETMAN,PL,Pologne,PPE,anti
Gunnar HÖKMARK,SE,Suède,PPE,anti
Danuta JAZŁOWIECKA,PL,Pologne,PPE,anti
Jarosław KALINOWSKI,PL,Pologne,PPE,anti
Aleksejs LOSKUTOVS,LV,Lettonie,PPE,anti
Roberta METSOLA,MT,Malte,PPE,anti
Sirpa PIETIKÄINEN,FI,Finlande,PPE,anti
Jiří POSPÍŠIL,CZ,Tchéquie,PPE,anti
Anders SELLSTRÖM,SE,Suède,PPE,anti
Czesław Adam SIEKIERSKI,PL,Pologne,PPE,anti
Jaromír ŠTĚTINA,CZ,Tchéquie,PPE,anti
Patricija ŠULIN,SI,Slovénie,PPE,anti
Adam SZEJNFELD,PL,Pologne,PPE,anti
Róża Gräfin von THUN UND HOHENSTEIN,PL,Pologne,PPE,anti
Romana TOMC,SI,Slovénie,PPE,anti
Traian UNGUREANU,RO,Roumanie,PPE,anti
Adina-Ioana VĂLEAN,RO,Roumanie,PPE,anti
Hermann WINKLER,DE,Allemagne,PPE,anti
Tomáš ZDECHOVSKÝ,CZ,Tchéquie,PPE,anti
Milan ZVER,SI,Slovénie,PPE,anti
Brando BENIFEI,IT,Italie,S&D,anti
Monika BEŇOVÁ,SK,Slovaquie,S&D,anti
Renata BRIANO,IT,Italie,S&D,anti
Udo BULLMANN,DE,Allemagne,S&D,anti
Nessa CHILDERS,IE,Irlande,S&D,anti
Sergio Gaetano COFFERATI,IT,Italie,S&D,anti
Mady DELVAUX,LU,Luxembourg,S&D,anti
Michael DETJEN,DE,Allemagne,S&D,anti
Ismail ERTUG,DE,Allemagne,S&D,anti
Tanja FAJON,SI,Slovénie,S&D,anti
Eugen FREUND,AT,Autriche,S&D,anti
Aleksander GABELIC,SE,Suède,S&D,anti
Evelyne GEBHARDT,DE,Allemagne,S&D,anti
Jens GEIER,DE,Allemagne,S&D,anti
Lidia Joanna GERINGER de OEDENBERG,PL,Pologne,S&D,anti
Adam GIEREK,PL,Pologne,S&D,anti
Ana GOMES,PT,Portugal,S&D,anti
Karoline GRASWANDER-HAINZ,AT,Autriche,S&D,anti
Anna HEDH,SE,Suède,S&D,anti
Agnes JONGERIUS,NL,Pays-Bas,S&D,anti
Petra KAMMEREVERT,DE,Allemagne,S&D,anti
Sylvia-Yvonne KAUFMANN,DE,Allemagne,S&D,anti
Jan KELLER,CZ,Tchéquie,S&D,anti
Arndt KOHN,DE,Allemagne,S&D,anti
Dietmar KÖSTER,DE,Allemagne,S&D,anti
Constanze KREHL,DE,Allemagne,S&D,anti
Bernd LANGE,DE,Allemagne,S&D,anti
Arne LIETZ,DE,Allemagne,S&D,anti
Andrejs MAMIKINS,LV,Lettonie,S&D,anti
Alex MAYER,GB,Royaume-Uni,S&D,anti
Susanne MELIOR,DE,Allemagne,S&D,anti
Momchil NEKOV,BG,Bulgarie,S&D,anti
Norbert NEUSER,DE,Allemagne,S&D,anti
Péter NIEDERMÜLLER,HU,Hongrie,S&D,anti
Maria NOICHL,DE,Allemagne,S&D,anti
Ivari PADAR,EE,Estonie,S&D,anti
Tonino PICULA,HR,Croatie,S&D,anti
Kati PIRI,NL,Pays-Bas,S&D,anti
Evelyn REGNER,AT,Autriche,S&D,anti
Ulrike RODUST,DE,Allemagne,S&D,anti
Elly SCHLEIN,IT,Italie,S&D,anti
Joachim SCHUSTER,DE,Allemagne,S&D,anti
Olga SEHNALOVÁ,CZ,Tchéquie,S&D,anti
Peter SIMON,DE,Allemagne,S&D,anti
Birgit SIPPEL,DE,Allemagne,S&D,anti
Tibor SZANYI,HU,Hongrie,S&D,anti
Claudiu Ciprian TĂNĂSESCU,RO,Roumanie,S&D,anti
Paul TANG,NL,Pays-Bas,S&D,anti
Claudia ȚAPARDEL,RO,Roumanie,S&D,anti
Daniele VIOTTI,IT,Italie,S&D,anti
Josef WEIDENHOLZER,AT,Autriche,S&D,anti
Martina WERNER,DE,Allemagne,S&D,anti
Kerstin WESTPHAL,DE,Allemagne,S&D,anti
Tiemo WÖLKEN,DE,Allemagne,S&D,anti
Marco AFFRONTE,IT,Italie,Verts/ALE,anti
Max ANDERSSON,SE,Suède,Verts/ALE,anti
Margrete AUKEN,DK,Danemark,Verts/ALE,anti
Klaus BUCHNER,DE,Allemagne,Verts/ALE,anti
Reinhard BÜTIKOFER,DE,Allemagne,Verts/ALE,anti
Jakop DALUNDE,SE,Suède,Verts/ALE,anti
Bas EICKHOUT,NL,Pays-Bas,Verts/ALE,anti
Linnéa ENGSTRÖM,SE,Suède,Verts/ALE,anti
Jill EVANS,GB,Royaume-Uni,Verts/ALE,anti
Romeo FRANZ,DE,Allemagne,Verts/ALE,anti
Sven GIEGOLD,DE,Allemagne,Verts/ALE,anti
Martin HÄUSLING,DE,Allemagne,Verts/ALE,anti
Heidi HAUTALA,FI,Finlande,Verts/ALE,anti
Ian HUDGHTON,GB,Royaume-Uni,Verts/ALE,anti
Ska KELLER,DE,Allemagne,Verts/ALE,anti
Jean LAMBERT,GB,Royaume-Uni,Verts/ALE,anti
Philippe LAMBERTS,BE,Belgique,Verts/ALE,anti
Barbara LOCHBIHLER,DE,Allemagne,Verts/ALE,anti
Florent MARCELLESI,ES,Espagne,Verts/ALE,anti
Tamás MESZERICS,HU,Hongrie,Verts/ALE,anti
Tilly METZ,LU,Luxembourg,Verts/ALE,anti
Miroslavs MITROFANOVS,LV,Lettonie,Verts/ALE,anti
Julia REDA,DE,Allemagne,Verts/ALE,anti
Michel REIMON,AT,Autriche,Verts/ALE,anti
Terry REINTKE,DE,Allemagne,Verts/ALE,anti
Bronis ROPĖ,LT,Lituanie,Verts/ALE,anti
Judith SARGENTINI,NL,Pays-Bas,Verts/ALE,anti
Molly SCOTT CATO,GB,Royaume-Uni,Verts/ALE,anti
Davor ŠKRLEC,HR,Croatie,Verts/ALE,anti
Alyn SMITH,GB,Royaume-Uni,Verts/ALE,anti
Jordi SOLÉ,ES,Espagne,Verts/ALE,anti
Igor ŠOLTES,SI,Slovénie,Verts/ALE,anti
Indrek TARAND,EE,Estonie,Verts/ALE,anti
Keith TAYLOR,GB,Royaume-Uni,Verts/ALE,anti
Josep-Maria TERRICABRAS,ES,Espagne,Verts/ALE,anti
Ernest URTASUN,ES,Espagne,Verts/ALE,anti
Bodil VALERO,SE,Suède,Verts/ALE,anti
Monika VANA,AT,Autriche,Verts/ALE,anti
Thomas WAITZ,AT,Autriche,Verts/ALE,anti
Dita CHARANZOVÁ,CZ,Tchéquie,ALDE,abstention
Martina DLABAJOVÁ,CZ,Tchéquie,ALDE,abstention
Urmas PAET,EE,Estonie,ALDE,abstention
Nikolay BAREKOV,BG,Bulgarie,ECR,abstention
Ruža TOMAŠIĆ,HR,Croatie,ECR,abstention
Giulia MOI,IT,Italie,EFDD,abstention
Georg MAYER,AT,Autriche,ENF,abstention
Franz OBERMAYR,AT,Autriche,ENF,abstention
Harald VILIMSKY,AT,Autriche,ENF,abstention
Dennis de JONG,NL,Pays-Bas,GUE/NGL,abstention
Paloma LÓPEZ BERMEJO,ES,Espagne,GUE/NGL,abstention
Anne-Marie MINEUR,NL,Pays-Bas,GUE/NGL,abstention
Demetris PAPADAKIS,CY,Chypre,NI,abstention
Daniel BUDA,RO,Roumanie,PPE,abstention
Cristian-Silviu BUŞOI,RO,Roumanie,PPE,abstention
Andrey KOVATCHEV,BG,Bulgarie,PPE,abstention
Marian-Jean MARINESCU,RO,Roumanie,PPE,abstention
Eva MAYDELL,BG,Bulgarie,PPE,abstention
Siegfried MUREŞAN,RO,Roumanie,PPE,abstention
Luděk NIEDERMAYER,CZ,Tchéquie,PPE,abstention
Andrey NOVAKOV,BG,Bulgarie,PPE,abstention
Stanislav POLČÁK,CZ,Tchéquie,PPE,abstention
Theodor Dumitru STOLOJAN,RO,Roumanie,PPE,abstention
Mihai ŢURCANU,RO,Roumanie,PPE,abstention
Vladimir URUTCHEV,BG,Bulgarie,PPE,abstention
Anna ZÁBORSKÁ,SK,Slovaquie,PPE,abstention
Knut FLECKENSTEIN,DE,Allemagne,S&D,abstention
Jo LEINEN,DE,Allemagne,S&D,abstention
Bogusław LIBERADZKI,PL,Pologne,S&D,abstention
Miroslav POCHE,CZ,Tchéquie,S&D,abstention
Babette WINTER,DE,Allemagne,S&D,abstention
Janusz ZEMKE,PL,Pologne,S&D,abstention
Karima DELLI,FR,France,Verts/ALE,abstention
Yannick JADOT,FR,France,Verts/ALE,abstention
Eva JOLY,FR,France,Verts/ALE,abstention
Michèle RIVASI,FR,France,Verts/ALE,abstention
