Catherine BEARDER,GB,Royaume-Uni,ALDE,pro
Beatriz BECERRA BASTERRECHEA,ES,Espagne,ALDE,pro
Fredrick FEDERLEY,SE,Suède,ALDE,pro
Gerben-Jan GERBRANDY,NL,Pays-Bas,ALDE,pro
Charles GOERENS,LU,Luxembourg,ALDE,pro
Igor GRÄZIN,EE,Estonie,ALDE,pro
Nadja HIRSCH,DE,Allemagne,ALDE,pro
Jan HUITEMA,NL,Pays-Bas,ALDE,pro
Sophia in 't VELD,NL,Pays-Bas,ALDE,pro
Ivan JAKOVČIĆ,HR,Croatie,ALDE,pro
Petr JEŽEK,CZ,Tchéquie,ALDE,pro
Ilhan KYUCHYUK,BG,Bulgarie,ALDE,pro
Gesine MEISSNER,DE,Allemagne,ALDE,pro
Matthijs van MILTENBURG,NL,Pays-Bas,ALDE,pro
Angelika MLINAR,AT,Autriche,ALDE,pro
Ulrike MÜLLER,DE,Allemagne,ALDE,pro
Caroline NAGTEGAAL,NL,Pays-Bas,ALDE,pro
Jozo RADOŠ,HR,Croatie,ALDE,pro
Marietje SCHAAKE,NL,Pays-Bas,ALDE,pro
Jasenko SELIMOVIC,SE,Suède,ALDE,pro
Pavel TELIČKA,CZ,Tchéquie,ALDE,pro
Yana TOOM,EE,Estonie,ALDE,pro
Nils TORVALDS,FI,Finlande,ALDE,pro
Ramon TREMOSA i BALCELLS,ES,Espagne,ALDE,pro
Renate WEBER,RO,Roumanie,ALDE,pro
Cecilia WIKSTRÖM,SE,Suède,ALDE,pro
Nikolay BAREKOV,BG,Bulgarie,ECR,pro
Bas BELDER,NL,Pays-Bas,ECR,pro
David CAMPBELL BANNERMAN,GB,Royaume-Uni,ECR,pro
Ryszard CZARNECKI,PL,Pologne,ECR,pro
Edward CZESAK,PL,Pologne,ECR,pro
Peter van DALEN,NL,Pays-Bas,ECR,pro
Daniel DALTON,GB,Royaume-Uni,ECR,pro
Mark DEMESMAEKER,BE,Belgique,ECR,pro
Nirj DEVA,GB,Royaume-Uni,ECR,pro
Angel DZHAMBAZKI,BG,Bulgarie,ECR,pro
John FLACK,GB,Royaume-Uni,ECR,pro
Anna Elżbieta FOTYGA,PL,Pologne,ECR,pro
Beata GOSIEWSKA,PL,Pologne,ECR,pro
Jussi HALLA-AHO,FI,Finlande,ECR,pro
Daniel HANNAN,GB,Royaume-Uni,ECR,pro
Czesław HOC,PL,Pologne,ECR,pro
Marek JUREK,PL,Pologne,ECR,pro
Karol KARSKI,PL,Pologne,ECR,pro
Sławomir KŁOSOWSKI,PL,Pologne,ECR,pro
Zdzisław KRASNODĘBSKI,PL,Pologne,ECR,pro
Urszula KRUPA,PL,Pologne,ECR,pro
Zbigniew KUŹMIUK,PL,Pologne,ECR,pro
Ryszard Antoni LEGUTKO,PL,Pologne,ECR,pro
Bernd LUCKE,DE,Allemagne,ECR,pro
Monica MACOVEI,RO,Roumanie,ECR,pro
Stanisław OŻÓG,PL,Pologne,ECR,pro
Ralph PACKET,BE,Belgique,ECR,pro
Bolesław G. PIECHA,PL,Pologne,ECR,pro
Mirosław PIOTROWSKI,PL,Pologne,ECR,pro
Tomasz Piotr PORĘBA,PL,Pologne,ECR,pro
Pirkko RUOHONEN-LERNER,FI,Finlande,ECR,pro
Branislav ŠKRIPEK,SK,Slovaquie,ECR,pro
Joachim STARBATTY,DE,Allemagne,ECR,pro
Helga STEVENS,BE,Belgique,ECR,pro
Richard SULÍK,SK,Slovaquie,ECR,pro
Ruža TOMAŠIĆ,HR,Croatie,ECR,pro
Evžen TOŠENOVSKÝ,CZ,Tchéquie,ECR,pro
Ulrike TREBESIUS,DE,Allemagne,ECR,pro
Anneleen VAN BOSSUYT,BE,Belgique,ECR,pro
Anders Primdahl VISTISEN,DK,Danemark,ECR,pro
Jadwiga WIŚNIEWSKA,PL,Pologne,ECR,pro
Jan ZAHRADIL,CZ,Tchéquie,ECR,pro
Jana ŽITŇANSKÁ,SK,Slovaquie,ECR,pro
Kosma ZŁOTOWSKI,PL,Pologne,ECR,pro
Isabella ADINOLFI,IT,Italie,EFDD,pro
Laura AGEA,IT,Italie,EFDD,pro
Daniela AIUTO,IT,Italie,EFDD,pro
Tim AKER,GB,Royaume-Uni,EFDD,pro
Jonathan ARNOTT,GB,Royaume-Uni,EFDD,pro
Tiziana BEGHIN,IT,Italie,EFDD,pro
Jonathan BULLOCK,GB,Royaume-Uni,EFDD,pro
James CARVER,GB,Royaume-Uni,EFDD,pro
Fabio Massimo CASTALDO,IT,Italie,EFDD,pro
Aymeric CHAUPRADE,FR,France,EFDD,pro
David COBURN,GB,Royaume-Uni,EFDD,pro
Ignazio CORRAO,IT,Italie,EFDD,pro
Rosa D'AMATO,IT,Italie,EFDD,pro
William (The Earl of) DARTMOUTH,GB,Royaume-Uni,EFDD,pro
Bill ETHERIDGE,GB,Royaume-Uni,EFDD,pro
Eleonora EVI,IT,Italie,EFDD,pro
Laura FERRARA,IT,Italie,EFDD,pro
Nathan GILL,GB,Royaume-Uni,EFDD,pro
Robert Jarosław IWASZKIEWICZ,PL,Pologne,EFDD,pro
Jörg MEUTHEN,DE,Allemagne,EFDD,pro
Patrick O'FLYNN,GB,Royaume-Uni,EFDD,pro
Jiří PAYNE,CZ,Tchéquie,EFDD,pro
Piernicola PEDICINI,IT,Italie,EFDD,pro
Julia REID,GB,Royaume-Uni,EFDD,pro
Jill SEYMOUR,GB,Royaume-Uni,EFDD,pro
Dario TAMBURRANO,IT,Italie,EFDD,pro
Marco VALLI,IT,Italie,EFDD,pro
Marco ZULLO,IT,Italie,EFDD,pro
John Stuart AGNEW,GB,Royaume-Uni,ENF,pro
Gerard BATTEN,GB,Royaume-Uni,ENF,pro
Mara BIZZOTTO,IT,Italie,ENF,pro
Mario BORGHEZIO,IT,Italie,ENF,pro
Angelo CIOCCA,IT,Italie,ENF,pro
Michał MARUSIK,PL,Pologne,ENF,pro
Georg MAYER,AT,Autriche,ENF,pro
Franz OBERMAYR,AT,Autriche,ENF,pro
Marcus PRETZELL,DE,Allemagne,ENF,pro
Giancarlo SCOTTÀ,IT,Italie,ENF,pro
Harald VILIMSKY,AT,Autriche,ENF,pro
Marco ZANNI,IT,Italie,ENF,pro
Stanisław ŻÓŁTEK,PL,Pologne,ENF,pro
Marina ALBIOL GUZMÁN,ES,Espagne,GUE/NGL,pro
Martina ANDERSON,GB,Royaume-Uni,GUE/NGL,pro
Xabier BENITO ZILUAGA,ES,Espagne,GUE/NGL,pro
Malin BJÖRK,SE,Suède,GUE/NGL,pro
Lynn BOYLAN,IE,Irlande,GUE/NGL,pro
Matt CARTHY,IE,Irlande,GUE/NGL,pro
Nikolaos CHOUNTIS,GR,Grèce,GUE/NGL,pro
Kostas CHRYSOGONOS,GR,Grèce,GUE/NGL,pro
Javier COUSO PERMUY,ES,Espagne,GUE/NGL,pro
Stefan ECK,DE,Allemagne,GUE/NGL,pro
Cornelia ERNST,DE,Allemagne,GUE/NGL,pro
João FERREIRA,PT,Portugal,GUE/NGL,pro
Luke Ming FLANAGAN,IE,Irlande,GUE/NGL,pro
Eleonora FORENZA,IT,Italie,GUE/NGL,pro
Tania GONZÁLEZ PEÑAS,ES,Espagne,GUE/NGL,pro
Takis HADJIGEORGIOU,CY,Chypre,GUE/NGL,pro
Thomas HÄNDEL,DE,Allemagne,GUE/NGL,pro
Anja HAZEKAMP,NL,Pays-Bas,GUE/NGL,pro
Dennis de JONG,NL,Pays-Bas,GUE/NGL,pro
Rina Ronja KARI,DK,Danemark,GUE/NGL,pro
Jaromír KOHLÍČEK,CZ,Tchéquie,GUE/NGL,pro
Kateřina KONEČNÁ,CZ,Tchéquie,GUE/NGL,pro
Merja KYLLÖNEN,FI,Finlande,GUE/NGL,pro
Paloma LÓPEZ BERMEJO,ES,Espagne,GUE/NGL,pro
Sabine LÖSING,DE,Allemagne,GUE/NGL,pro
Jiří MAŠTÁLKA,CZ,Tchéquie,GUE/NGL,pro
Marisa MATIAS,PT,Portugal,GUE/NGL,pro
Martina MICHELS,DE,Allemagne,GUE/NGL,pro
Anne-Marie MINEUR,NL,Pays-Bas,GUE/NGL,pro
Younous OMARJEE,FR,France,GUE/NGL,pro
João PIMENTA LOPES,PT,Portugal,GUE/NGL,pro
Sofia SAKORAFA,GR,Grèce,GUE/NGL,pro
Lola SÁNCHEZ CALDENTEY,ES,Espagne,GUE/NGL,pro
Martin SCHIRDEWAN,DE,Allemagne,GUE/NGL,pro
Helmut SCHOLZ,DE,Allemagne,GUE/NGL,pro
Maria Lidia SENRA RODRÍGUEZ,ES,Espagne,GUE/NGL,pro
Barbara SPINELLI,IT,Italie,GUE/NGL,pro
Miguel URBÁN CRESPO,ES,Espagne,GUE/NGL,pro
Marie-Christine VERGIAT,FR,France,GUE/NGL,pro
Miguel VIEGAS,PT,Portugal,GUE/NGL,pro
Gabriele ZIMMER,DE,Allemagne,GUE/NGL,pro
Zoltán BALCZÓ,HU,Hongrie,NI,pro
David BORRELLI,IT,Italie,NI,pro
Diane DODDS,GB,Royaume-Uni,NI,pro
Georgios EPITIDEIOS,GR,Grèce,NI,pro
Lampros FOUNTOULIS,GR,Grèce,NI,pro
Bruno GOLLNISCH,FR,France,NI,pro
Rikke-Louise KARLSSON,DK,Danemark,NI,pro
Demetris PAPADAKIS,CY,Chypre,NI,pro
Jacek SARYUSZ-WOLSKI,PL,Pologne,NI,pro
Martin SONNEBORN,DE,Allemagne,NI,pro
Dobromir SOŚNIERZ,PL,Pologne,NI,pro
Eleftherios SYNADINOS,GR,Grèce,NI,pro
Steven WOOLFE,GB,Royaume-Uni,NI,pro
Pascal ARIMONT,BE,Belgique,PPE,pro
Georges BACH,LU,Luxembourg,PPE,pro
Michał BONI,PL,Pologne,PPE,pro
Herbert DORFMANN,IT,Italie,PPE,pro
Frank ENGEL,LU,Luxembourg,PPE,pro
Christofer FJELLNER,SE,Suède,PPE,pro
Andrzej GRZYB,PL,Pologne,PPE,pro
Christophe HANSEN,LU,Luxembourg,PPE,pro
Krzysztof HETMAN,PL,Pologne,PPE,pro
Gunnar HÖKMARK,SE,Suède,PPE,pro
Danuta Maria HÜBNER,PL,Pologne,PPE,pro
Danuta JAZŁOWIECKA,PL,Pologne,PPE,pro
Jarosław KALINOWSKI,PL,Pologne,PPE,pro
Agnieszka KOZŁOWSKA-RAJEWICZ,PL,Pologne,PPE,pro
Janusz LEWANDOWSKI,PL,Pologne,PPE,pro
Svetoslav Hristov MALINOV,BG,Bulgarie,PPE,pro
Thomas MANN,DE,Allemagne,PPE,pro
Eva MAYDELL,BG,Bulgarie,PPE,pro
József NAGY,SK,Slovaquie,PPE,pro
Luděk NIEDERMAYER,CZ,Tchéquie,PPE,pro
Jan OLBRYCHT,PL,Pologne,PPE,pro
Sirpa PIETIKÄINEN,FI,Finlande,PPE,pro
Marek PLURA,PL,Pologne,PPE,pro
Stanislav POLČÁK,CZ,Tchéquie,PPE,pro
Jiří POSPÍŠIL,CZ,Tchéquie,PPE,pro
Anders SELLSTRÖM,SE,Suède,PPE,pro
Czesław Adam SIEKIERSKI,PL,Pologne,PPE,pro
Maria SPYRAKI,GR,Grèce,PPE,pro
Jaromír ŠTĚTINA,CZ,Tchéquie,PPE,pro
Theodor Dumitru STOLOJAN,RO,Roumanie,PPE,pro
Adam SZEJNFELD,PL,Pologne,PPE,pro
Róża Gräfin von THUN UND HOHENSTEIN,PL,Pologne,PPE,pro
Traian UNGUREANU,RO,Roumanie,PPE,pro
Vladimir URUTCHEV,BG,Bulgarie,PPE,pro
Adina-Ioana VĂLEAN,RO,Roumanie,PPE,pro
Hermann WINKLER,DE,Allemagne,PPE,pro
Anna ZÁBORSKÁ,SK,Slovaquie,PPE,pro
Tomáš ZDECHOVSKÝ,CZ,Tchéquie,PPE,pro
Francisco ASSIS,PT,Portugal,S&D,pro
Brando BENIFEI,IT,Italie,S&D,pro
Monika BEŇOVÁ,SK,Slovaquie,S&D,pro
Vilija BLINKEVIČIŪTĖ,LT,Lituanie,S&D,pro
Biljana BORZAN,HR,Croatie,S&D,pro
Renata BRIANO,IT,Italie,S&D,pro
Udo BULLMANN,DE,Allemagne,S&D,pro
Nessa CHILDERS,IE,Irlande,S&D,pro
Sergio Gaetano COFFERATI,IT,Italie,S&D,pro
Andrea COZZOLINO,IT,Italie,S&D,pro
Miriam DALLI,MT,Malte,S&D,pro
Mady DELVAUX,LU,Luxembourg,S&D,pro
Michael DETJEN,DE,Allemagne,S&D,pro
Ismail ERTUG,DE,Allemagne,S&D,pro
Tanja FAJON,SI,Slovénie,S&D,pro
Knut FLECKENSTEIN,DE,Allemagne,S&D,pro
Eugen FREUND,AT,Autriche,S&D,pro
Aleksander GABELIC,SE,Suède,S&D,pro
Evelyne GEBHARDT,DE,Allemagne,S&D,pro
Jens GEIER,DE,Allemagne,S&D,pro
Lidia Joanna GERINGER de OEDENBERG,PL,Pologne,S&D,pro
Adam GIEREK,PL,Pologne,S&D,pro
Ana GOMES,PT,Portugal,S&D,pro
Maria GRAPINI,RO,Roumanie,S&D,pro
Karoline GRASWANDER-HAINZ,AT,Autriche,S&D,pro
Anna HEDH,SE,Suède,S&D,pro
Liisa JAAKONSAARI,FI,Finlande,S&D,pro
Agnes JONGERIUS,NL,Pays-Bas,S&D,pro
Petra KAMMEREVERT,DE,Allemagne,S&D,pro
Sylvia-Yvonne KAUFMANN,DE,Allemagne,S&D,pro
Jan KELLER,CZ,Tchéquie,S&D,pro
Arndt KOHN,DE,Allemagne,S&D,pro
Dietmar KÖSTER,DE,Allemagne,S&D,pro
Constanze KREHL,DE,Allemagne,S&D,pro
Miapetra KUMPULA-NATRI,FI,Finlande,S&D,pro
Bernd LANGE,DE,Allemagne,S&D,pro
Arne LIETZ,DE,Allemagne,S&D,pro
Andrejs MAMIKINS,LV,Lettonie,S&D,pro
Alex MAYER,GB,Royaume-Uni,S&D,pro
Susanne MELIOR,DE,Allemagne,S&D,pro
Momchil NEKOV,BG,Bulgarie,S&D,pro
Norbert NEUSER,DE,Allemagne,S&D,pro
Péter NIEDERMÜLLER,HU,Hongrie,S&D,pro
Maria NOICHL,DE,Allemagne,S&D,pro
Ivari PADAR,EE,Estonie,S&D,pro
Tonino PICULA,HR,Croatie,S&D,pro
Kati PIRI,NL,Pays-Bas,S&D,pro
Georgi PIRINSKI,BG,Bulgarie,S&D,pro
Miroslav POCHE,CZ,Tchéquie,S&D,pro
Răzvan POPA,RO,Roumanie,S&D,pro
Gabriele PREUSS,DE,Allemagne,S&D,pro
Evelyn REGNER,AT,Autriche,S&D,pro
Ulrike RODUST,DE,Allemagne,S&D,pro
Elly SCHLEIN,IT,Italie,S&D,pro
Joachim SCHUSTER,DE,Allemagne,S&D,pro
Olga SEHNALOVÁ,CZ,Tchéquie,S&D,pro
Peter SIMON,DE,Allemagne,S&D,pro
Birgit SIPPEL,DE,Allemagne,S&D,pro
Tibor SZANYI,HU,Hongrie,S&D,pro
Claudiu Ciprian TĂNĂSESCU,RO,Roumanie,S&D,pro
Paul TANG,NL,Pays-Bas,S&D,pro
Claudia ȚAPARDEL,RO,Roumanie,S&D,pro
Isabelle THOMAS,FR,France,S&D,pro
Marita ULVSKOG,SE,Suède,S&D,pro
Daniele VIOTTI,IT,Italie,S&D,pro
Josef WEIDENHOLZER,AT,Autriche,S&D,pro
Martina WERNER,DE,Allemagne,S&D,pro
Kerstin WESTPHAL,DE,Allemagne,S&D,pro
Babette WINTER,DE,Allemagne,S&D,pro
Tiemo WÖLKEN,DE,Allemagne,S&D,pro
Marco AFFRONTE,IT,Italie,Verts/ALE,pro
Max ANDERSSON,SE,Suède,Verts/ALE,pro
Margrete AUKEN,DK,Danemark,Verts/ALE,pro
Klaus BUCHNER,DE,Allemagne,Verts/ALE,pro
Reinhard BÜTIKOFER,DE,Allemagne,Verts/ALE,pro
Jakop DALUNDE,SE,Suède,Verts/ALE,pro
Bas EICKHOUT,NL,Pays-Bas,Verts/ALE,pro
Linnéa ENGSTRÖM,SE,Suède,Verts/ALE,pro
Jill EVANS,GB,Royaume-Uni,Verts/ALE,pro
Romeo FRANZ,DE,Allemagne,Verts/ALE,pro
Sven GIEGOLD,DE,Allemagne,Verts/ALE,pro
Martin HÄUSLING,DE,Allemagne,Verts/ALE,pro
Heidi HAUTALA,FI,Finlande,Verts/ALE,pro
Ian HUDGHTON,GB,Royaume-Uni,Verts/ALE,pro
Ska KELLER,DE,Allemagne,Verts/ALE,pro
Jean LAMBERT,GB,Royaume-Uni,Verts/ALE,pro
Philippe LAMBERTS,BE,Belgique,Verts/ALE,pro
Barbara LOCHBIHLER,DE,Allemagne,Verts/ALE,pro
Florent MARCELLESI,ES,Espagne,Verts/ALE,pro
Tamás MESZERICS,HU,Hongrie,Verts/ALE,pro
Tilly METZ,LU,Luxembourg,Verts/ALE,pro
Miroslavs MITROFANOVS,LV,Lettonie,Verts/ALE,pro
Julia REDA,DE,Allemagne,Verts/ALE,pro
Michel REIMON,AT,Autriche,Verts/ALE,pro
Terry REINTKE,DE,Allemagne,Verts/ALE,pro
Bronis ROPĖ,LT,Lituanie,Verts/ALE,pro
Judith SARGENTINI,NL,Pays-Bas,Verts/ALE,pro
Molly SCOTT CATO,GB,Royaume-Uni,Verts/ALE,pro
Davor ŠKRLEC,HR,Croatie,Verts/ALE,pro
Alyn SMITH,GB,Royaume-Uni,Verts/ALE,pro
Jordi SOLÉ,ES,Espagne,Verts/ALE,pro
Igor ŠOLTES,SI,Slovénie,Verts/ALE,pro
Indrek TARAND,EE,Estonie,Verts/ALE,pro
Keith TAYLOR,GB,Royaume-Uni,Verts/ALE,pro
Josep-Maria TERRICABRAS,ES,Espagne,Verts/ALE,pro
Ernest URTASUN,ES,Espagne,Verts/ALE,pro
Bodil VALERO,SE,Suède,Verts/ALE,pro
Monika VANA,AT,Autriche,Verts/ALE,pro
Thomas WAITZ,AT,Autriche,Verts/ALE,pro
Nedzhmi ALI,BG,Bulgarie,ALDE,anti
Jean ARTHUIS,FR,France,ALDE,anti
Johannes Cornelis van BAALEN,NL,Pays-Bas,ALDE,anti
Izaskun BILBAO BARANDICA,ES,Espagne,ALDE,anti
Enrique CALVET CHAMBON,ES,Espagne,ALDE,anti
Jean-Marie CAVADA,FR,France,ALDE,anti
Thierry CORNILLET,FR,France,ALDE,anti
Gérard DEPREZ,BE,Belgique,ALDE,anti
María Teresa GIMÉNEZ BARBAT,ES,Espagne,ALDE,anti
Iveta GRIGULE-PĒTERSE,LV,Lettonie,ALDE,anti
Marian HARKIN,IE,Irlande,ALDE,anti
Filiz HYUSMENOVA,BG,Bulgarie,ALDE,anti
Anneli JÄÄTTEENMÄKI,FI,Finlande,ALDE,anti
Patricia LALONDE,FR,France,ALDE,anti
Morten LØKKEGAARD,DK,Danemark,ALDE,anti
António MARINHO E PINTO,PT,Portugal,ALDE,anti
Valentinas MAZURONIS,LT,Lituanie,ALDE,anti
Louis MICHEL,BE,Belgique,ALDE,anti
Iskra MIHAYLOVA,BG,Bulgarie,ALDE,anti
Javier NART,ES,Espagne,ALDE,anti
Maite PAGAZAURTUNDÚA RUIZ,ES,Espagne,ALDE,anti
Morten Helveg PETERSEN,DK,Danemark,ALDE,anti
Carolina PUNSET,ES,Espagne,ALDE,anti
Frédérique RIES,BE,Belgique,ALDE,anti
Dominique RIQUET,FR,France,ALDE,anti
Robert ROCHEFORT,FR,France,ALDE,anti
Jens ROHDE,DK,Danemark,ALDE,anti
Ivo VAJGL,SI,Slovénie,ALDE,anti
Hilde VAUTMANS,BE,Belgique,ALDE,anti
Guy VERHOFSTADT,BE,Belgique,ALDE,anti
Lieve WIERINCK,BE,Belgique,ALDE,anti
Amjad BASHIR,GB,Royaume-Uni,ECR,anti
Raffaele FITTO,IT,Italie,ECR,anti
Jacqueline FOSTER,GB,Royaume-Uni,ECR,anti
Ashley FOX,GB,Royaume-Uni,ECR,anti
Hans-Olaf HENKEL,DE,Allemagne,ECR,anti
Sajjad KARIM,GB,Royaume-Uni,ECR,anti
Bernd KÖLMEL,DE,Allemagne,ECR,anti
Innocenzo LEONTINI,IT,Italie,ECR,anti
Peter LUNDGREN,SE,Suède,ECR,anti
Emma McCLARKIN,GB,Royaume-Uni,ECR,anti
Anthea McINTYRE,GB,Royaume-Uni,ECR,anti
Rupert MATTHEWS,GB,Royaume-Uni,ECR,anti
Stefano MAULLU,IT,Italie,ECR,anti
Baroness Nosheena MOBARIK,GB,Royaume-Uni,ECR,anti
Remo SERNAGIOTTO,IT,Italie,ECR,anti
Kay SWINBURNE,GB,Royaume-Uni,ECR,anti
Charles TANNOCK,GB,Royaume-Uni,ECR,anti
Geoffrey VAN ORDEN,GB,Royaume-Uni,ECR,anti
Kristina WINBERG,SE,Suède,ECR,anti
Roberts ZĪLE,LV,Lettonie,ECR,anti
Joëlle BERGERON,FR,France,EFDD,anti
Mireille D'ORNANO,FR,France,EFDD,anti
Sylvie GODDYN,FR,France,EFDD,anti
Bernard MONOT,FR,France,EFDD,anti
Rolandas PAKSAS,LT,Lituanie,EFDD,anti
Marie-Christine ARNAUTU,FR,France,ENF,anti
Nicolas BAY,FR,France,ENF,anti
Dominique BILDE,FR,France,ENF,anti
Marie-Christine BOUTONNET,FR,France,ENF,anti
Steeve BRIOIS,FR,France,ENF,anti
Jacques COLOMBIER,FR,France,ENF,anti
Jean-François JALKH,FR,France,ENF,anti
France JAMET,FR,France,ENF,anti
Gilles LEBRETON,FR,France,ENF,anti
Christelle LECHEVALIER,FR,France,ENF,anti
Philippe LOISEAU,FR,France,ENF,anti
Dominique MARTIN,FR,France,ENF,anti
Joëlle MÉLIN,FR,France,ENF,anti
Jean-Luc SCHAFFHAUSER,FR,France,ENF,anti
Mylène TROSZCZYNSKI,FR,France,ENF,anti
Patrick LE HYARIC,FR,France,GUE/NGL,anti
Emmanuel MAUREL,FR,France,GUE/NGL,anti
Marie-Pierre VIEU,FR,France,GUE/NGL,anti
Mike HOOKEM,GB,Royaume-Uni,NI,anti
Sophie MONTEL,FR,France,NI,anti
Michèle ALLIOT-MARIE,FR,France,PPE,anti
Richard ASHWORTH,GB,Royaume-Uni,PPE,anti
Pilar AYUSO,ES,Espagne,PPE,anti
Heinz K. BECKER,AT,Autriche,PPE,anti
Ivo BELET,BE,Belgique,PPE,anti
Bendt BENDTSEN,DK,Danemark,PPE,anti
Andrea BOCSKOR,HU,Hongrie,PPE,anti
Reimer BÖGE,DE,Allemagne,PPE,anti
Franc BOGOVIČ,SI,Slovénie,PPE,anti
Elmar BROK,DE,Allemagne,PPE,anti
Daniel BUDA,RO,Roumanie,PPE,anti
Cristian-Silviu BUŞOI,RO,Roumanie,PPE,anti
Alain CADEC,FR,France,PPE,anti
Wim van de CAMP,NL,Pays-Bas,PPE,anti
David CASA,MT,Malte,PPE,anti
Daniel CASPARY,DE,Allemagne,PPE,anti
Pilar del CASTILLO VERA,ES,Espagne,PPE,anti
Lorenzo CESA,IT,Italie,PPE,anti
Salvatore CICU,IT,Italie,PPE,anti
Alberto CIRIO,IT,Italie,PPE,anti
Carlos COELHO,PT,Portugal,PPE,anti
Birgit COLLIN-LANGEN,DE,Allemagne,PPE,anti
Lara COMI,IT,Italie,PPE,anti
Pál CSÁKY,SK,Slovaquie,PPE,anti
Arnaud DANJEAN,FR,France,PPE,anti
Michel DANTIN,FR,France,PPE,anti
Rachida DATI,FR,France,PPE,anti
Angélique DELAHAYE,FR,France,PPE,anti
Andor DELI,HU,Hongrie,PPE,anti
Albert DESS,DE,Allemagne,PPE,anti
Tamás DEUTSCH,HU,Hongrie,PPE,anti
Agustín DÍAZ DE MERA GARCÍA CONSUEGRA,ES,Espagne,PPE,anti
Geoffroy DIDIER,FR,France,PPE,anti
Christian EHLER,DE,Allemagne,PPE,anti
Norbert ERDŐS,HU,Hongrie,PPE,anti
Rosa ESTARÀS FERRAGUT,ES,Espagne,PPE,anti
José Inácio FARIA,PT,Portugal,PPE,anti
José Manuel FERNANDES,PT,Portugal,PPE,anti
Santiago FISAS AYXELÀ,ES,Espagne,PPE,anti
Karl-Heinz FLORENZ,DE,Allemagne,PPE,anti
Michael GAHLER,DE,Allemagne,PPE,anti
Kinga GÁL,HU,Hongrie,PPE,anti
Francesc GAMBÚS,ES,Espagne,PPE,anti
Elisabetta GARDINI,IT,Italie,PPE,anti
Stefan GEHROLD,DE,Allemagne,PPE,anti
Jens GIESEKE,DE,Allemagne,PPE,anti
Julie GIRLING,GB,Royaume-Uni,PPE,anti
Esteban GONZÁLEZ PONS,ES,Espagne,PPE,anti
Luis de GRANDES PASCUAL,ES,Espagne,PPE,anti
Ingeborg GRÄSSLE,DE,Allemagne,PPE,anti
Françoise GROSSETÊTE,FR,France,PPE,anti
Antanas GUOGA,LT,Lituanie,PPE,anti
Brian HAYES,IE,Irlande,PPE,anti
Esther HERRANZ GARCÍA,ES,Espagne,PPE,anti
Monika HOHLMEIER,DE,Allemagne,PPE,anti
György HÖLVÉNYI,HU,Hongrie,PPE,anti
Brice HORTEFEUX,FR,France,PPE,anti
Carlos ITURGAIZ,ES,Espagne,PPE,anti
Peter JAHR,DE,Allemagne,PPE,anti
Teresa JIMÉNEZ-BECERRIL BARRIO,ES,Espagne,PPE,anti
Marc JOULAUD,FR,France,PPE,anti
Philippe JUVIN,FR,France,PPE,anti
Sandra KALNIETE,LV,Lettonie,PPE,anti
Othmar KARAS,AT,Autriche,PPE,anti
Tunne KELAM,EE,Estonie,PPE,anti
Seán KELLY,IE,Irlande,PPE,anti
Dieter-Lebrecht KOCH,DE,Allemagne,PPE,anti
Ádám KÓSA,HU,Hongrie,PPE,anti
Andrey KOVATCHEV,BG,Bulgarie,PPE,anti
Barbara KUDRYCKA,PL,Pologne,PPE,anti
Werner KUHN,DE,Allemagne,PPE,anti
Eduard KUKAN,SK,Slovaquie,PPE,anti
Alain LAMASSOURE,FR,France,PPE,anti
Esther de LANGE,NL,Pays-Bas,PPE,anti
Werner LANGEN,DE,Allemagne,PPE,anti
Giovanni LA VIA,IT,Italie,PPE,anti
Jérôme LAVRILLEUX,FR,France,PPE,anti
Jeroen LENAERS,NL,Pays-Bas,PPE,anti
Peter LIESE,DE,Allemagne,PPE,anti
Norbert LINS,DE,Allemagne,PPE,anti
Antonio LÓPEZ-ISTÚRIZ WHITE,ES,Espagne,PPE,anti
Aleksejs LOSKUTOVS,LV,Lettonie,PPE,anti
David McALLISTER,DE,Allemagne,PPE,anti
Mairead McGUINNESS,IE,Irlande,PPE,anti
Ivana MALETIĆ,HR,Croatie,PPE,anti
Lukas MANDL,AT,Autriche,PPE,anti
Ramona Nicole MĂNESCU,RO,Roumanie,PPE,anti
Marian-Jean MARINESCU,RO,Roumanie,PPE,anti
Fulvio MARTUSCIELLO,IT,Italie,PPE,anti
Barbara MATERA,IT,Italie,PPE,anti
Gabriel MATO,ES,Espagne,PPE,anti
Nuno MELO,PT,Portugal,PPE,anti
Roberta METSOLA,MT,Malte,PPE,anti
Miroslav MIKOLÁŠIK,SK,Slovaquie,PPE,anti
Francisco José MILLÁN MON,ES,Espagne,PPE,anti
Sorin MOISĂ,RO,Roumanie,PPE,anti
Cláudia MONTEIRO DE AGUIAR,PT,Portugal,PPE,anti
Nadine MORANO,FR,France,PPE,anti
Elisabeth MORIN-CHARTIER,FR,France,PPE,anti
Siegfried MUREŞAN,RO,Roumanie,PPE,anti
Renaud MUSELIER,FR,France,PPE,anti
Alessandra MUSSOLINI,IT,Italie,PPE,anti
Angelika NIEBLER,DE,Allemagne,PPE,anti
Lambert van NISTELROOIJ,NL,Pays-Bas,PPE,anti
Alojz PETERLE,SI,Slovénie,PPE,anti
Marijana PETIR,HR,Croatie,PPE,anti
Markus PIEPER,DE,Allemagne,PPE,anti
Julia PITERA,PL,Pologne,PPE,anti
Cristian Dan PREDA,RO,Roumanie,PPE,anti
Franck PROUST,FR,France,PPE,anti
Godelieve QUISTHOUDT-ROWOHL,DE,Allemagne,PPE,anti
Emil RADEV,BG,Bulgarie,PPE,anti
Dennis RADTKE,DE,Allemagne,PPE,anti
Paulo RANGEL,PT,Portugal,PPE,anti
Sofia RIBEIRO,PT,Portugal,PPE,anti
Claude ROLIN,BE,Belgique,PPE,anti
Fernando RUAS,PT,Portugal,PPE,anti
Paul RÜBIG,AT,Autriche,PPE,anti
Kārlis ŠADURSKIS,LV,Lettonie,PPE,anti
Tokia SAÏFI,FR,France,PPE,anti
José Ignacio SALAFRANCA SÁNCHEZ-NEYRA,ES,Espagne,PPE,anti
Massimiliano SALINI,IT,Italie,PPE,anti
Anne SANDER,FR,France,PPE,anti
Petri SARVAMAA,FI,Finlande,PPE,anti
Algirdas SAUDARGAS,LT,Lituanie,PPE,anti
Claudia SCHMIDT,AT,Autriche,PPE,anti
Annie SCHREIJER-PIERIK,NL,Pays-Bas,PPE,anti
Sven SCHULZE,DE,Allemagne,PPE,anti
Andreas SCHWAB,DE,Allemagne,PPE,anti
Csaba SÓGOR,RO,Roumanie,PPE,anti
Michaela ŠOJDROVÁ,CZ,Tchéquie,PPE,anti
Renate SOMMER,DE,Allemagne,PPE,anti
Ivan ŠTEFANEC,SK,Slovaquie,PPE,anti
Dubravka ŠUICA,HR,Croatie,PPE,anti
Pavel SVOBODA,CZ,Tchéquie,PPE,anti
József SZÁJER,HU,Hongrie,PPE,anti
László TŐKÉS,HU,Hongrie,PPE,anti
Mihai ŢURCANU,RO,Roumanie,PPE,anti
Inese VAIDERE,LV,Lettonie,PPE,anti
Ramón Luis VALCÁRCEL SISO,ES,Espagne,PPE,anti
Tom VANDENKENDELAERE,BE,Belgique,PPE,anti
Sabine VERHEYEN,DE,Allemagne,PPE,anti
Henna VIRKKUNEN,FI,Finlande,PPE,anti
Axel VOSS,DE,Allemagne,PPE,anti
Manfred WEBER,DE,Allemagne,PPE,anti
Rainer WIELAND,DE,Allemagne,PPE,anti
Francis ZAMMIT DIMECH,MT,Malte,PPE,anti
Bogdan Andrzej ZDROJEWSKI,PL,Pologne,PPE,anti
Joachim ZELLER,DE,Allemagne,PPE,anti
Željana ZOVKO,HR,Croatie,PPE,anti
Milan ZVER,SI,Slovénie,PPE,anti
Tadeusz ZWIEFKA,PL,Pologne,PPE,anti
Clara Eugenia AGUILERA GARCÍA,ES,Espagne,S&D,anti
Lucy ANDERSON,GB,Royaume-Uni,S&D,anti
Eric ANDRIEU,FR,France,S&D,anti
Maria ARENA,BE,Belgique,S&D,anti
Inés AYALA SENDER,ES,Espagne,S&D,anti
Guillaume BALAS,FR,France,S&D,anti
Hugues BAYET,BE,Belgique,S&D,anti
Pervenche BERÈS,FR,France,S&D,anti
Goffredo Maria BETTINI,IT,Italie,S&D,anti
José BLANCO LÓPEZ,ES,Espagne,S&D,anti
Simona BONAFÈ,IT,Italie,S&D,anti
Victor BOŞTINARU,RO,Roumanie,S&D,anti
Paul BRANNEN,GB,Royaume-Uni,S&D,anti
Mercedes BRESSO,IT,Italie,S&D,anti
Soledad CABEZÓN RUIZ,ES,Espagne,S&D,anti
Nicola CAPUTO,IT,Italie,S&D,anti
Caterina CHINNICI,IT,Italie,S&D,anti
Ole CHRISTENSEN,DK,Danemark,S&D,anti
Silvia COSTA,IT,Italie,S&D,anti
Seb DANCE,GB,Royaume-Uni,S&D,anti
Nicola DANTI,IT,Italie,S&D,anti
Paolo DE CASTRO,IT,Italie,S&D,anti
Isabella DE MONTE,IT,Italie,S&D,anti
Damian DRĂGHICI,RO,Roumanie,S&D,anti
Jonás FERNÁNDEZ,ES,Espagne,S&D,anti
Giuseppe FERRANDINO,IT,Italie,S&D,anti
Iratxe GARCÍA PÉREZ,ES,Espagne,S&D,anti
Eider GARDIAZABAL RUBIAL,ES,Espagne,S&D,anti
Enrico GASBARRA,IT,Italie,S&D,anti
Elena GENTILE,IT,Italie,S&D,anti
Neena GILL,GB,Royaume-Uni,S&D,anti
Michela GIUFFRIDA,IT,Italie,S&D,anti
Karine GLOANEC MAURIN,FR,France,S&D,anti
Giorgos GRAMMATIKAKIS,GR,Grèce,S&D,anti
Theresa GRIFFIN,GB,Royaume-Uni,S&D,anti
Roberto GUALTIERI,IT,Italie,S&D,anti
Enrique GUERRERO SALOM,ES,Espagne,S&D,anti
Sylvie GUILLAUME,FR,France,S&D,anti
Jytte GUTELAND,SE,Suède,S&D,anti
Mary HONEYBALL,GB,Royaume-Uni,S&D,anti
John HOWARTH,GB,Royaume-Uni,S&D,anti
Ramón JÁUREGUI ATONDO,ES,Espagne,S&D,anti
Jude KIRTON-DARLING,GB,Royaume-Uni,S&D,anti
Jeppe KOFOD,DK,Danemark,S&D,anti
Peter KOUROUMBASHEV,BG,Bulgarie,S&D,anti
Cécile Kashetu KYENGE,IT,Italie,S&D,anti
Miltiadis KYRKOS,GR,Grèce,S&D,anti
Juan Fernando LÓPEZ AGUILAR,ES,Espagne,S&D,anti
Olle LUDVIGSSON,SE,Suède,S&D,anti
Linda McAVAN,GB,Royaume-Uni,S&D,anti
Vladimír MAŇKA,SK,Slovaquie,S&D,anti
Louis-Joseph MANSCOUR,FR,France,S&D,anti
David MARTIN,GB,Royaume-Uni,S&D,anti
Edouard MARTIN,FR,France,S&D,anti
Marlene MIZZI,MT,Malte,S&D,anti
Csaba MOLNÁR,HU,Hongrie,S&D,anti
Clare MOODY,GB,Royaume-Uni,S&D,anti
Claude MORAES,GB,Royaume-Uni,S&D,anti
Luigi MORGANO,IT,Italie,S&D,anti
Pier Antonio PANZERI,IT,Italie,S&D,anti
Massimo PAOLUCCI,IT,Italie,S&D,anti
Vincent PEILLON,FR,France,S&D,anti
Pina PICIERNO,IT,Italie,S&D,anti
Christine REVAULT D'ALLONNES BONNEFOY,FR,France,S&D,anti
Liliana RODRIGUES,PT,Portugal,S&D,anti
Inmaculada RODRÍGUEZ-PIÑERO FERNÁNDEZ,ES,Espagne,S&D,anti
Virginie ROZIÈRE,FR,France,S&D,anti
Alfred SANT,MT,Malte,S&D,anti
Manuel dos SANTOS,PT,Portugal,S&D,anti
Daciana Octavia SÂRBU,RO,Roumanie,S&D,anti
David-Maria SASSOLI,IT,Italie,S&D,anti
Christel SCHALDEMOSE,DK,Danemark,S&D,anti
Ricardo SERRÃO SANTOS,PT,Portugal,S&D,anti
Pedro SILVA PEREIRA,PT,Portugal,S&D,anti
Siôn SIMON,GB,Royaume-Uni,S&D,anti
Monika SMOLKOVÁ,SK,Slovaquie,S&D,anti
Marc TARABELLA,BE,Belgique,S&D,anti
Patrizia TOIA,IT,Italie,S&D,anti
Kathleen VAN BREMPT,BE,Belgique,S&D,anti
Derek VAUGHAN,GB,Royaume-Uni,S&D,anti
Julie WARD,GB,Royaume-Uni,S&D,anti
Boris ZALA,SK,Slovaquie,S&D,anti
Flavio ZANONATO,IT,Italie,S&D,anti
Damiano ZOFFOLI,IT,Italie,S&D,anti
Carlos ZORRINHO,PT,Portugal,S&D,anti
José BOVÉ,FR,France,Verts/ALE,anti
Maria HEUBUCH,DE,Allemagne,Verts/ALE,anti
Bart STAES,BE,Belgique,Verts/ALE,anti
Helga TRÜPEL,DE,Allemagne,Verts/ALE,anti
Dita CHARANZOVÁ,CZ,Tchéquie,ALDE,abstention
Mircea DIACONU,RO,Roumanie,ALDE,abstention
Martina DLABAJOVÁ,CZ,Tchéquie,ALDE,abstention
Elsi KATAINEN,FI,Finlande,ALDE,abstention
Urmas PAET,EE,Estonie,ALDE,abstention
Viktor USPASKICH,LT,Lituanie,ALDE,abstention
Mirja VEHKAPERÄ,FI,Finlande,ALDE,abstention
Morten MESSERSCHMIDT,DK,Danemark,ECR,abstention
James NICHOLSON,GB,Royaume-Uni,ECR,abstention
Nigel FARAGE,GB,Royaume-Uni,EFDD,abstention
Giulia MOI,IT,Italie,EFDD,abstention
Gerolf ANNEMANS,BE,Belgique,ENF,abstention
André ELISSEN,NL,Pays-Bas,ENF,abstention
Olaf STUGER,NL,Pays-Bas,ENF,abstention
Auke ZIJLSTRA,NL,Pays-Bas,ENF,abstention
Kazimierz Michał UJAZDOWSKI,PL,Pologne,NI,abstention
Laima Liucija ANDRIKIENĖ,LT,Lituanie,PPE,abstention
Nikos ANDROULAKIS,GR,Grèce,S&D,abstention
Bogusław LIBERADZKI,PL,Pologne,S&D,abstention
Janusz ZEMKE,PL,Pologne,S&D,abstention
Karima DELLI,FR,France,Verts/ALE,abstention
Yannick JADOT,FR,France,Verts/ALE,abstention
Eva JOLY,FR,France,Verts/ALE,abstention
Michèle RIVASI,FR,France,Verts/ALE,abstention
